{
  "version": "2020.2",
  "applications": [],
  "platforms": [
    {
      "name": "pp_"
    }
  ],
  "systems": [
    {
      "name": "APP_system",
      "platform": "C:/Users/AKS/Documents/ENSC452/FreshStart/VIT/pp_/export/pp_/pp_.xpfm",
      "sysConfig": "pp_",
      "buildConfig": "Debug",
      "applications": [
        {
          "name": "APP",
          "platform": "C:/Users/AKS/Documents/ENSC452/FreshStart/VIT/pp_/export/pp_/pp_.xpfm",
          "platformPath": "C:\\Users\\AKS\\Documents\\ENSC452\\FreshStart\\VIT\\pp_\\export\\pp_",
          "sysConfig": "pp_",
          "domain": "standalone_domain",
          "system": "APP_system"
        }
      ],
      "platformPath": "C:\\Users\\AKS\\Documents\\ENSC452\\FreshStart\\VIT\\pp_\\export\\pp_"
    }
  ],
  "others": []
}