{
  "version": "2020.2",
  "applications": [],
  "platforms": [
    {
      "name": "PPP"
    }
  ],
  "systems": [
    {
      "name": "APP_system",
      "platform": "C:/Users/AKS/Documents/ENSC452/FreshStart/VIT/PPP/export/PPP/PPP.xpfm",
      "sysConfig": "PPP",
      "buildConfig": "Debug",
      "applications": [
        {
          "name": "APP",
          "platform": "C:/Users/AKS/Documents/ENSC452/FreshStart/VIT/PPP/export/PPP/PPP.xpfm",
          "platformPath": "C:\\Users\\AKS\\Documents\\ENSC452\\FreshStart\\VIT\\PPP\\export\\PPP",
          "sysConfig": "PPP",
          "domain": "standalone_domain",
          "system": "APP_system"
        }
      ],
      "platformPath": "C:\\Users\\AKS\\Documents\\ENSC452\\FreshStart\\VIT\\PPP\\export\\PPP"
    }
  ],
  "others": []
}